username,password,firstname,lastname,email
testuser001,Passwd001,001,testuser,test001@localhost.localdomain.com
testuser002,Passwd002,002,testuser,test002@localhost.localdomain.com
testuser003,Passwd003,003,testuser,test003@localhost.localdomain.com
testuser004,Passwd004,004,testuser,test004@localhost.localdomain.com
testuser005,Passwd005,005,testuser,test005@localhost.localdomain.com
testuser006,Passwd006,006,testuser,test006@localhost.localdomain.com
testuser007,Passwd007,007,testuser,test007@localhost.localdomain.com
testuser008,Passwd008,008,testuser,test008@localhost.localdomain.com
testuser009,Passwd009,009,testuser,test009@localhost.localdomain.com
testuser010,Passwd010,010,testuser,test010@localhost.localdomain.com
testuser011,Passwd011,011,testuser,test011@localhost.localdomain.com
testuser012,Passwd012,012,testuser,test012@localhost.localdomain.com
testuser013,Passwd013,013,testuser,test013@localhost.localdomain.com
testuser014,Passwd014,014,testuser,test014@localhost.localdomain.com
testuser015,Passwd015,015,testuser,test015@localhost.localdomain.com
testuser016,Passwd016,016,testuser,test016@localhost.localdomain.com
testuser017,Passwd017,017,testuser,test017@localhost.localdomain.com
testuser018,Passwd018,018,testuser,test018@localhost.localdomain.com
testuser019,Passwd019,019,testuser,test019@localhost.localdomain.com
testuser020,Passwd020,020,testuser,test020@localhost.localdomain.com
testuser021,Passwd021,021,testuser,test021@localhost.localdomain.com
testuser022,Passwd022,022,testuser,test022@localhost.localdomain.com
testuser023,Passwd023,023,testuser,test023@localhost.localdomain.com
testuser024,Passwd024,024,testuser,test024@localhost.localdomain.com
testuser025,Passwd025,025,testuser,test025@localhost.localdomain.com
testuser026,Passwd026,026,testuser,test026@localhost.localdomain.com
testuser027,Passwd027,027,testuser,test027@localhost.localdomain.com
testuser028,Passwd028,028,testuser,test028@localhost.localdomain.com
testuser029,Passwd029,029,testuser,test029@localhost.localdomain.com
testuser030,Passwd030,030,testuser,test030@localhost.localdomain.com
testuser031,Passwd031,031,testuser,test031@localhost.localdomain.com
testuser032,Passwd032,032,testuser,test032@localhost.localdomain.com
testuser033,Passwd033,033,testuser,test033@localhost.localdomain.com
testuser034,Passwd034,034,testuser,test034@localhost.localdomain.com
testuser035,Passwd035,035,testuser,test035@localhost.localdomain.com
testuser036,Passwd036,036,testuser,test036@localhost.localdomain.com
testuser037,Passwd037,037,testuser,test037@localhost.localdomain.com
testuser038,Passwd038,038,testuser,test038@localhost.localdomain.com
testuser039,Passwd039,039,testuser,test039@localhost.localdomain.com
testuser040,Passwd040,040,testuser,test040@localhost.localdomain.com
testuser041,Passwd041,041,testuser,test041@localhost.localdomain.com
testuser042,Passwd042,042,testuser,test042@localhost.localdomain.com
testuser043,Passwd043,043,testuser,test043@localhost.localdomain.com
testuser044,Passwd044,044,testuser,test044@localhost.localdomain.com
testuser045,Passwd045,045,testuser,test045@localhost.localdomain.com
testuser046,Passwd046,046,testuser,test046@localhost.localdomain.com
testuser047,Passwd047,047,testuser,test047@localhost.localdomain.com
testuser048,Passwd048,048,testuser,test048@localhost.localdomain.com
testuser049,Passwd049,049,testuser,test049@localhost.localdomain.com
